actor_id,movie_id
0000138,0120338
0000701,0120338
0000708,0120338
0000870,0120338
0000200,0120338
0000434,0076759
0000148,0076759
0000402,0076759
0001088,0076759
0000027,0076759
0000196,0298148
0000552,0298148
0000139,0298148
0000267,0298148
0000104,0298148
0001794,0083866
0908914,0083866
0534085,0083866
0000106,0083866
0001075,0083866
0000553,0120915
0000191,0120915
0000204,0120915
0005157,0120915
0000278,0120915
0001497,0145487
0000353,0145487
0000379,0145487
0290556,0145487
0731772,0145487
0000191,0121766
0000204,0121766
0159789,0121766
0001519,0121766
0000168,0121766
0032370,0167260
0040012,0167260
0000276,0167260
0040058,0167260
0045324,0167260
0001497,0316654
0000379,0316654
0290556,0316654
0000547,0316654
0365281,0316654
0001029,0335345
0000899,0335345
0314358,0335345
0605164,0335345
0748207,0335345
0000554,0107290
0000368,0107290
0000156,0107290
0000277,0107290
0669629,0107290
0000704,0167261
0005212,0167261
0000239,0167261
0001557,0167261
0000276,0167261
0000983,0266543
0001122,0266543
1071252,0266543
0000353,0266543
0004951,0266543
0000158,0109830
0000705,0109830
0000641,0109830
0932112,0109830
0000398,0109830
0001795,0110357
0000111,0110357
0915868,0110357
0930990,0110357
0000460,0110357
0001321,0241527
0001749,0241527
0001059,0241527
1196732,0241527
0705356,0241527
0032370,0120737
0000276,0120737
1019674,0120737
0000293,0120737
0000949,0120737
0000191,0121765
0000204,0121765
0159789,0121765
0000489,0121765
0000168,0121765
0000434,0086190
0000148,0086190
0000402,0086190
0001850,0086190
0000355,0086190
0000597,0116629
0001521,0116629
0000156,0116629
0002139,0116629
0171513,0116629
0000136,0325980
0001691,0325980
0089217,0325980
0461136,0325980
0202603,0325980
0000246,0167404
0005286,0167404
0001057,0167404
0931404,0167404
0059215,0167404
0000434,0080684
0000148,0080684
0000402,0080684
0001850,0080684
0000355,0080684
0843059,0330373
0001758,0330373
0855039,0330373
0705356,0330373
0914612,0330373
0000346,0099785
0000582,0099785
0827663,0099785
0001334,0099785
0089348,0099785
1670137,0363771
1342727,0363771
0608440,0363771
0691600,0363771
0842770,0363771
0030991,0234215
0031655,0234215
1060253,0234215
1369391,0234215
0048127,0234215
0000134,0290002
0001774,0290002
0000163,0290002
0000659,0290002
0001100,0290002
0000196,0126029
0000552,0126029
0000139,0126029
0001475,0126029
0001993,0126029
0705356,0295297
0914612,0295297
0342488,0295297
0341743,0295297
0789716,0295297
0005266,0317705
0000456,0317705
0000168,0317705
0005134,0317705
0521861,0317705
0000120,0170016
0597410,0170016
0001787,0170016
0004724,0170016
0410347,0170016
0001702,0073195
0001727,0073195
0000377,0073195
0308882,0073195
0358069,0073195
0000422,0198781
0000345,0198781
0316701,0198781
0000114,0198781
0000336,0198781
0000474,0096895
0000197,0096895
0000107,0096895
0943237,0096895
0385757,0096895
0000169,0119654
0000226,0119654
0000400,0119654
0000352,0119654
0001800,0119654
0705356,0304141
0341743,0304141
0274913,0304141
0789716,0304141
0577982,0304141
0000158,0120363
0000741,0120363
0000349,0120363
0001288,0120363
0725543,0120363
0000120,0315327
0000151,0315327
0000098,0315327
0001311,0315327
0004738,0315327
0000148,0082971
0000261,0082971
0293550,0082971
0479951,0082971
0722636,0082971
0000166,0117998
0000200,0117998
0000144,0117998
0000415,0117998
0000450,0117998
0889522,0259446
0179173,0259446
0443577,0259446
0176073,0259446
0137140,0259446
0000195,0087332
0000101,0087332
0000244,0087332
0000601,0087332
0001548,0087332
0000552,0086960
0001662,0086960
0039226,0086960
0002060,0086960
0001074,0086960
0000129,0407304
0266824,0407304
0154226,0407304
0001584,0407304
0000209,0407304
0584052,0162222
0925096,0162222
0162904,0162222
0111948,0162222
1329048,0162222
0000156,0119567
0000194,0119567
0000592,0119567
0000277,0119567
0000681,0119567
0000154,0286106
0001618,0286106
0191412,0286106
1113550,0286106
0427728,0286106
0000329,0266915
0000676,0266915
0518821,0266915
0955471,0266915
0761052,0266915
0000245,0107614
0000398,0107614
0000112,0107614
0001213,0107614
0391072,0107614
0000664,0099653
0000193,0099653
0000155,0099653
0001282,0099653
0493026,0099653
0918334,0103639
0000245,0103639
0488306,0103639
0293455,0103639
0919798,0103639
0000158,0120815
0122653,0120815
0001744,0120815
0000354,0120815
0001111,0120815
0915208,0360717
0085312,0360717
0004778,0360717
0470981,0360717
0004988,0360717
0000129,0120755
0779084,0120755
0628601,0120755
0000609,0120755
0746896,0120755
0001772,0290334
0413168,0290334
0005212,0290334
0000932,0290334
0000463,0290334
0000196,0295178
0461498,0295178
0001293,0295178
0001868,0295178
0001822,0295178
0000150,0088763
0000502,0088763
0000670,0088763
0000417,0088763
0001855,0088763
0005562,0396269
0000681,0396269
0000686,0396269
1046097,0396269
0279545,0396269
0000136,0367594
0383603,0367594
0446303,0367594
0000307,0367594
0852965,0367594
0000196,0145660
0001287,0145660
0001868,0145660
0001822,0145660
0000507,0145660
0000288,0372784
0000323,0372784
0000553,0372784
0005017,0372784
0000198,0372784
0000216,0103064
0000157,0103064
0000411,0103064
0001598,0103064
0608012,0103064
0000995,0070047
0001884,0070047
0588553,0070047
0002011,0070047
0935345,0070047
0000409,0209163
0001838,0209163
0001314,0209163
0903677,0209163
0004912,0209163
0000246,0120591
0000671,0120591
0000255,0120591
0000239,0120591
0001599,0120591
0593775,0031381
0641966,0031381
0000046,0031381
0450810,0031381
0751946,0031381
0000255,0213149
0001326,0213149
0000295,0213149
0000421,0213149
0000685,0213149
0000148,0097576
0000125,0097576
0001186,0097576
0233145,0097576
0722636,0097576
0001774,0351283
0001674,0351283
0001710,0351283
0000586,0351283
0056187,0351283
0000158,0114709
0000741,0114709
0725543,0114709
0001815,0114709
0001728,0114709
0000169,0120912
0000226,0120912
0206257,0120912
0001223,0120912
0424216,0120912
0000128,0172495
0001618,0172495
0001567,0172495
0001657,0172495
0001321,0172495
0000598,0319262
0350453,0319262
0002536,0319262
0005231,0319262
0761587,0319262
0000093,0356910
0001401,0356910
0000681,0356910
0111013,0356910
0913488,0356910
0041165,0029583
0118081,0029583
0143314,0029583
0172287,0029583
0173418,0029583
0000126,0099348
0001521,0099348
0001295,0099348
0002110,0099348
0922671,0099348
0000174,0112462
0000169,0112462
0000120,0112462
0000173,0112462
0000563,0112462
0000148,0106977
0000169,0106977
0000688,0106977
0000194,0106977
0001592,0106977
0000123,0240772
0083781,0240772
0634342,0240772
0282665,0240772
1131138,0240772
0000154,0207201
0000166,0207201
0000673,0207201
0000257,0207201
0424534,0207201
0000123,0177971
0000242,0177971
0000178,0177971
0000261,0177971
0001209,0177971
0000120,0119528
0005491,0119528
0178176,0119528
0000144,0119528
0359774,0119528
0000237,0077631
0000556,0077631
0000330,0077631
0001063,0077631
0669046,0077631
0000554,0163025
0000513,0163025
0000495,0163025
0005273,0163025
0605080,0163025
0000129,0117060
0000685,0117060
0000322,0117060
0001089,0117060
0000606,0117060
0000242,0133152
0000619,0133152
0000307,0133152
0003817,0133152
0316079,0133152
0000148,0087469
0001009,0087469
0702841,0087469
0700869,0087469
0786022,0087469
0000152,0100405
0000210,0100405
0000897,0100405
0004517,0100405
0000624,0100405
0000226,0386588
0578949,0386588
0416673,0386588
0005520,0386588
1024264,0386588
0000163,0084805
0001448,0084805
0000414,0084805
0001056,0084805
0001164,0084805
0000129,0092099
0000534,0092099
0000174,0092099
0000381,0092099
0000643,0092099
0000139,0129387
0000369,0129387
0001774,0129387
0262968,0129387
0254402,0129387
0005380,0268380
0000491,0268380
0001459,0268380
0899681,0268380
0085312,0268380
0000354,0372183
0004376,0372183
0004051,0372183
0005466,0372183
0881631,0372183
0001357,0090555
0468957,0090555
0576851,0090555
0347858,0090555
0802032,0090555
0000158,0338348
0366667,0338348
0214430,0338348
0310850,0338348
0778642,0338348
0000346,0104431
0000582,0104431
0827663,0104431
0001573,0104431
0001334,0104431
0002071,0319343
0001001,0319343
0627878,0319343
0000799,0319343
0005460,0319343
0000115,0368891
1208167,0368891
0058581,0368891
0000293,0368891
0000685,0368891
0000163,0095953
0000129,0095953
0000420,0095953
0596520,0095953
0613789,0095953
0000148,0118571
0000198,0118571
0000335,0118571
0187724,0118571
0560093,0118571
0000158,0112384
0000200,0112384
0000102,0112384
0000641,0112384
0000438,0112384
0000206,0133093
0000401,0133093
0005251,0133093
0915989,0133093
0001592,0133093
0641314,0101414
0000913,0101414
0925369,0101414
0001583,0101414
0001773,0101414
0001282,0120855
0000378,0120855
0000335,0120855
0000306,0120855
0001329,0120855
0000128,0268978
0000438,0268978
0000124,0268978
0001626,0268978
0079273,0268978
0000250,0299658
0001876,0299658
0000152,0299658
0001451,0299658
0000604,0299658
0000633,0094137
0000430,0094137
0001101,0094137
0001802,0094137
0171513,0094137
0000134,0212338
0001774,0212338
0001632,0212338
0001100,0212338
0215015,0212338
0000126,0102798
0000151,0102798
0001512,0102798
0000225,0102798
0000614,0102798
0000164,0212985
0000194,0212985
0316284,0212985
0000198,0212985
0000501,0212985
0000138,0264464
0000158,0264464
0000686,0264464
0000640,0264464
0000882,0264464
0001191,0142342
0000725,0142342
0829537,0142342
0819850,0142342
0819851,0142342
0000267,0059742
0001626,0059742
0662223,0059742
0370821,0059742
0939931,0059742
0000474,0103776
0000362,0103776
0000201,0103776
0000686,0103776
0001284,0103776
0004929,0120623
0000228,0120623
0000506,0120623
0659363,0120623
0226887,0120623
0001191,0120484
0000870,0120484
0000103,0120484
0001857,0120484
0715477,0120484
0000226,0307453
0000134,0307453
0000250,0307453
0085312,0307453
0001401,0307453
0000112,0246460
0000932,0246460
0827170,0246460
0683253,0246460
0950935,0246460
0000056,0070735
0000602,0070735
0001727,0070735
0001164,0070735
0001827,0070735
0000129,0106918
0000675,0106918
0000432,0106918
0001358,0106918
0455767,0106918
0001191,0398165
0001674,0398165
0000608,0398165
0625099,0398165
1664542,0398165
0413168,0120903
0001772,0120903
0005212,0120903
0000463,0120903
0005188,0120903
0001182,0175142
0792156,0175142
0601214,0175142
0046420,0175142
0334175,0175142
0000140,0093010
0000335,0093010
0000271,0093010
0490477,0093010
0659573,0093010
0000148,0161081
0000201,0161081
0769311,0161081
0608012,0161081
0001664,0161081
0000409,0120616
0001838,0120616
0001314,0120616
0903677,0120616
0640413,0120616
0344435,0120667
0004695,0120667
0262635,0120667
0004821,0120667
0573037,0120667
0001364,0096438
0000502,0096438
0001026,0096438
0281486,0096438
0443401,0096438
0000552,0092644
0001662,0092644
0039226,0092644
0001638,0092644
0001074,0092644
0000129,0116695
0000421,0116695
0000250,0116695
0000593,0116695
0005278,0116695
0005327,0267913
0001264,0267913
0000498,0267913
0004802,0267913
0000100,0267913
0001792,0055254
0314867,0055254
0061770,0055254
0200017,0055254
0942220,0055254
0000210,0163187
0000152,0163187
0000349,0163187
0001185,0163187
0001854,0163187
0000230,0089880
0001077,0089880
0621008,0089880
0000925,0089880
0630100,0089880
0000216,0181852
0001763,0181852
0000132,0181852
0518085,0181852
0028625,0181852
0002090,0087363
0000121,0087363
0001924,0087363
0564589,0087363
0391072,0087363
0000197,0119822
0000166,0119822
0001427,0119822
0000421,0119822
0000240,0119822
0000154,0097733
0000418,0097733
0000582,0097733
0000722,0097733
0640299,0097733
0000216,0111503
0000130,0111503
0000792,0111503
0000200,0111503
0000119,0111503
0153738,0275847
0761498,0275847
0000119,0275847
0001773,0275847
0567852,0275847
0004755,0252866
0002436,0252866
0004989,0252866
0005098,0252866
0005272,0252866
0000741,0111070
0187724,0111070
0001662,0111070
0005156,0111070
0472710,0111070
0000226,0343818
0005256,0343818
0876138,0343818
0000342,0343818
0339304,0343818
0000154,0104714
0000418,0104714
0000582,0104714
0000623,0104714
0934179,0104714
0908094,0232500
0004874,0232500
0735442,0232500
0108287,0232500
0950935,0232500
0000552,0118998
0001115,0118998
0001624,0118998
0001967,0118998
0771493,0118998
0000237,0076666
0331186,0076666
0587944,0076666
0129955,0076666
0660407,0076666
0365201,0061852
0001982,0061852
0697515,0061852
0001695,0061852
0001359,0061852
0000004,0077975
0001513,0077975
0006893,0077975
0089244,0077975
0001371,0077975
0065942,0114148
0474122,0114148
0000154,0114148
0001773,0114148
0440885,0114148
0000129,0104257
0000197,0104257
0000193,0104257
0000102,0104257
0000662,0104257
0004874,0295701
0000782,0295701
0190744,0295701
0000168,0295701
0740220,0295701
0504962,0120812
0000329,0120812
0929489,0120812
0002245,0120812
0514783,0120812
0231946,0185937
0502671,0185937
0931321,0185937
0341124,0185937
0454865,0185937
0000380,0120647
0000495,0120647
0000704,0120647
0000603,0120647
0000151,0120647
0000237,0097778
0000263,0097778
0001156,0097778
0001719,0097778
0001820,0097778
0000150,0164912
0000133,0164912
0491402,0164912
0005151,0164912
0001447,0164912
0000347,0073629
0000215,0073629
0000960,0073629
0639782,0073629
0703946,0073629
0000155,0105417
0001749,0105417
0001562,0105417
0538655,0105417
0926897,0105417
0019569,0242653
1470128,0242653
0048127,0242653
0063571,0242653
0068206,0242653
0000741,0304669
0593310,0304669
0472710,0304669
0005156,0304669
0001662,0304669
0000188,0349205
0001372,0349205
0005305,0349205
0919991,0349205
0240381,0349205
0001454,0172156
0000226,0172156
0003244,0172156
0005517,0172156
0001780,0172156
0000245,0119217
0000354,0119217
0000255,0119217
0001745,0119217
0000378,0119217
0000297,0091763
0000353,0091763
0000221,0091763
0001845,0091763
0005331,0091763
0000665,0130623
0005569,0130623
0001115,0130623
0143295,0130623
0659363,0130623
0000158,0120689
0001556,0120689
0001372,0120689
0003817,0120689
0000342,0120689
0000154,0117438
0000623,0117438
0634509,0117438
0000641,0117438
0005148,0117438
0000335,0115433
0001099,0115433
0000613,0115433
0687506,0115433
0491402,0115433
0000111,0120685
0000606,0120685
0001623,0120685
0000279,0120685
0242656,0120685
0387432,0100758
0000480,0100758
0656929,0100758
0785435,0100758
0286335,0100758
0000245,0129290
0518687,0129290
0005321,0129290
0000450,0129290
0348409,0129290
0000008,0068646
0000199,0068646
0001001,0068646
0144710,0068646
0000380,0068646
0000008,0078346
0000432,0078346
0001659,0078346
0000885,0078346
0178114,0078346
0000125,0117500
0000115,0117500
0000438,0117500
0817983,0117500
0001556,0117500
0103785,0371606
0005190,0371606
0461455,0371606
0001772,0371606
0781238,0371606
0001191,0305224
0000197,0305224
0000673,0305224
0350079,0305224
0521781,0305224
0002103,0332452
0004051,0332452
0428923,0332452
0549539,0332452
0808559,0332452
0000188,0305669
0001451,0305669
0506405,0305669
0687506,0305669
0005443,0305669
0051509,0286716
0000124,0286716
0000385,0286716
0524197,0286716
0000560,0286716
0000129,0181689
0268199,0181689
0004996,0181689
0001884,0181689
0608090,0181689
0001401,0146316
0000685,0146316
0322513,0146316
0852965,0146316
0185819,0146316
0000149,0102926
0000164,0102926
0001277,0102926
0372217,0102926
0505971,0102926
0001548,0097523
0001242,0097523
0833519,0097523
0840133,0097523
0114787,0097523
0000422,0109813
0001610,0109813
0001548,0109813
0005280,0109813
0001492,0109813
0000228,0169547
0000906,0169547
0000301,0169547
0004747,0169547
0002546,0169547
0000152,0084434
0000700,0084434
0001418,0084434
0005162,0084434
0089408,0084434
0000154,0122151
0000418,0122151
0000582,0122151
0000623,0122151
0001674,0122151
0000142,0405159
0005476,0405159
0000151,0405159
0059431,0405159
1591496,0405159
0004937,0350258
0913488,0350258
0005093,0350258
0694066,0350258
0502015,0350258
0000138,0338751
0000949,0338751
0000295,0338751
0000604,0338751
0000285,0338751
0000576,0327056
0000209,0327056
0000102,0327056
0000401,0327056
0001315,0327056
0000234,0340855
0000207,0340855
0001136,0340855
0855564,0340855
0179960,0340855
0000179,0159365
0000173,0159365
0000250,0159365
0040586,0159365
0322407,0159365
0004778,0253474
0470981,0253474
0277975,0253474
0513520,0253474
0288976,0253474
0000173,0274558
0000194,0274558
0000658,0274558
0226820,0274558
0001669,0274558
0000115,0268126
0000658,0268126
0177933,0268126
0786806,0268126
0842770,0268126
0000243,0139654
0000160,0139654
0001277,0139654
0000297,0139654
0950867,0139654
0000671,0285742
0801231,0285742
1102991,0285742
0005132,0285742
1102875,0285742
0000932,0285742
0001132,0280778
0000980,0280778
0000701,0280778
0095017,0280778
0934362,0280778
0000210,0195685
0109773,0195685
0225767,0195685
0001215,0195685
0735538,0195685
0001125,0181865
0889846,0181865
0154530,0181865
0005398,0181865
0587401,0181865
0000438,0183659
0001315,0183659
0101005,0183659
0000124,0183659
0001069,0183659
0005476,0171804
0001721,0171804
0765597,0171804
0786639,0171804
0329773,0171804
0001497,0124315
0000234,0124315
0005148,0124315
0748620,0124315
0000323,0124315
0000213,0172493
0001401,0172493
0245112,0172493
0005261,0172493
0005253,0172493
0000569,0138097
0001691,0138097
0001212,0138097
0929489,0138097
0640838,0138097
0000905,0118799
0000971,0118799
0243842,0118799
0082979,0118799
0518057,0118799
0000560,0118564
0000651,0118564
0000336,0118564
0000353,0118564
0002148,0118564
0001132,0138097
0000228,0119488
0000128,0119488
0001602,0119488
0000342,0119488
0000107,0119488
0000146,0116209
0000300,0116209
0000353,0116209
0000218,0116209
0004710,0116209
0001691,0117631
0104051,0117631
0865286,0117631
0371824,0117631
0706162,0117631
0000531,0116282
0000513,0116282
0000114,0116282
0696193,0116282
0001780,0116282
0000154,0112573
0732703,0112573
0492566,0112573
0625729,0112573
0181920,0112573
0000115,0113627
0000223,0113627
0001696,0113627
0507659,0113627
0001836,0113627
0000215,0112818
0000576,0112818
0698764,0112818
0000855,0112818
0000388,0112818
0000286,0114814
0000321,0114814
0001125,0114814
0001629,0114814
0000228,0114814
0086322,0113819
0147503,0113819
0149654,0113819
0209340,0113819
0227226,0113819
0000227,0113819
0001448,0109306
0000169,0109306
0000959,0109306
0811202,0109306
0000504,0109306
0000136,0109707
0001445,0109707
0000572,0109707
0000099,0109707
0000470,0109707
0000131,0109348
0912001,0109348
0001848,0109348
0802831,0109348
0000236,0109348
0000553,0108052
0001426,0108052
0000146,0108052
0328751,0108052
0755974,0108052
0000158,0107818
0000243,0107818
0561809,0107818
0453248,0107818
0278052,0107818
0000456,0107822
0000172,0107822
0000554,0107822
0001593,0107822
0907942,0107822
0000142,0105695
0000432,0105695
0000151,0105695
0001321,0105695
0941316,0105695
0000199,0105323
0000563,0105323
0714310,0105323
0000270,0105323
0000450,0105323
0000603,0104454
0000307,0104454
0071851,0104454
0000668,0104454
0768795,0104454
0000582,0104952
0001494,0104952
0000673,0104952
0925943,0104952
0001304,0104952
0000345,0101587
0827663,0101587
0456124,0101587
0923210,0101587
0000644,0101587
0001588,0101587
0000313,0101889
0117035,0101889
0000245,0101889
0518394,0101889
0001689,0101889
0000335,0100486
0000460,0100486
0798779,0100486
0001711,0100486
0353467,0100486
0001001,0100157
0000870,0100157
0002070,0100157
0827973,0100157
0000002,0100157
0000134,0099685
0000501,0099685
0000582,0099685
0000966,0099685
0000649,0099685
0000151,0097239
0001788,0097239
0000101,0097239
0526985,0097239
0738354,0097239
0000358,0097937
0002084,0097937
0924009,0097937
0792202,0097937
0188520,0097937
0000111,0097441
0000243,0097441
0000144,0097441
0000151,0097441
0448097,0097441
0000129,0096969
0488267,0096969
0000855,0096969
0442512,0096969
0262923,0096969
0000534,0094608
0000149,0094608
0183464,0094608
0744235,0094608
0372475,0094608
0000092,0095159
0000130,0095159
0000177,0095159
0001589,0095159
0014883,0095159
0000458,0094606
0000678,0094606
0000133,0094606
0942195,0094606
0001773,0094606
0518821,0093389
0001040,0093389
0000564,0093389
0948078,0093389
0939378,0093389
0000221,0094291
0876645,0094291
0184429,0094291
0679406,0094291
0001525,0094291
0000140,0094291
0000333,0093565
0000115,0093565
0306696,0093565
0001156,0093565
0000732,0093565
0000126,0094226
0000125,0094226
0001747,0094226
0000412,0094226
0000134,0094226
0000056,0090863
0000129,0090863
0001512,0090863
0001726,0090863
0001806,0090863
0000458,0090830
0559144,0090830
0001453,0090830
0097842,0090830
0327160,0090830
0001347,0091167
0000402,0091167
0000323,0091167
0001201,0091167
0001848,0091167
0000658,0089755
0000602,0089755
0001970,0089755
0457655,0089755
0100942,0089755
0000458,0089424
0000471,0089424
0000968,0089424
0506784,0089424
0328604,0089424
0656183,0090203
0001334,0090203
0323344,0090203
0103071,0090203
0000360,0090203
0000747,0088933
0000979,0088933
0002025,0088933
0001133,0088933
0318527,0088933
0000197,0089841
0000678,0089841
0005162,0089841
0709907,0089841
0382676,0089841
0001378,0089841
0000719,0086879
0001371,0086879
0000931,0086879
0001003,0086879
0234541,0086879
0000398,0087921
0001080,0087921
0000438,0087921
0001496,0087921
0000518,0087921
0001832,0087553
0628955,0087553
0000518,0087553
0001696,0087553
0005266,0087553
0001114,0087892
0051856,0087892
0001919,0087892
0289038,0087892
0000027,0087892
0000511,0086425
0000700,0086425
0000197,0086425
0000362,0086425
0001099,0086425
0000380,0086423
0002128,0086423
0000990,0086423
0000979,0086423
0000289,0086423
0001373,0086617
0000154,0086617
0734368,0086617
0484770,0086617
0208772,0086617
0001426,0083987
0000298,0083987
0002081,0083987
0000024,0083987
0002145,0083987
0000658,0084707
0000177,0084707
0001493,0084707
0439334,0084707
0628273,0084707
0001283,0084434
0268297,0082158
0369814,0082158
0153182,0082158
0002027,0082158
0314776,0082158
0000031,0082846
0000020,0082846
0000404,0082846
0571630,0082846
0001056,0082846
0001545,0082031
0591485,0082031
0000024,0082031
0280242,0082031
0251708,0082031
0000886,0082979
0000473,0082979
0001346,0082979
0467085,0082979
0000197,0082979
0822972,0082979
0000661,0081283
0001546,0081283
0002139,0081283
0000459,0081283
0001826,0081283
0000134,0081398
0001550,0081398
0000582,0081398
0898634,0081398
0170225,0081398
0000651,0080549
0000169,0080549
0375629,0080549
0101992,0080549
0026286,0080549
0001673,0081150
0494432,0081150
0156187,0081150
0005460,0081150
0852118,0081150
0000163,0079417
0000658,0079417
0000737,0079417
0377888,0079417
0003318,0079417
0000398,0079638
0000977,0079638
0500038,0079638
0385757,0079638
0062642,0079638
0000634,0078841
0000511,0078841
0002048,0078841
0912001,0078841
0246004,0078841
0000134,0077416
0001030,0077416
0001698,0077416
0000686,0077416
0000658,0077416
0000404,0077362
0000685,0077362
0001136,0077362
0587340,0077362
0001019,0077362
0000404,0077289
0000257,0077289
0001749,0077289
0000323,0077289
0000527,0077289
0000095,0075686
0000473,0075686
0731634,0075686
0001406,0075686
0800328,0075686
0000377,0076095
0556850,0076095
0191944,0076095
0070801,0076095
0722315,0076095
0000404,0076245
0000603,0076245
0001673,0076245
0001703,0076245
0001358,0076245
0000230,0075148
0001735,0075148
0949350,0075148
0001835,0075148
0580565,0075148
0001159,0074958
0000034,0074958
0002075,0074958
0000380,0074958
0011741,0074958
0000163,0074119
0000602,0074119
0912001,0074119
0000842,0074119
0001358,0074119
0001673,0074119
0833152,0074958
0000197,0073486
0001221,0073486
0714835,0073486
0077720,0073486
0110480,0073486
0000527,0073766
0122675,0073766
0000907,0073766
0580607,0073766
0217935,0073766
0000886,0073692
0001046,0073692
0000443,0073692
0335519,0073692
0912001,0073692
0000199,0071562
0000380,0071562
0000473,0071562
0000134,0071562
0001030,0071562
0138770,0071598
0258089,0071598
0074596,0071598
0565731,0071598
0518880,0071598
0070592,0071115
0000995,0071115
0527501,0071115
0124100,0071115
0325959,0071115
0001215,0071877
0000002,0071877
0000842,0071877
0000006,0071877
0000302,0071877
0000493,0070640
0318527,0070640
0374348,0070640
0123680,0070640
0809514,0070640
0001719,0070819
0413559,0070819
0000649,0070819
0130282,0070819
0511695,0070819
0000961,0070509
0905993,0070509
0002144,0070509
0065320,0070509
0622553,0070509
0641939,0070510
0001575,0070510
0001404,0070510
0384916,0070510
0425928,0070510
0591485,0068327
0001868,0068327
0340926,0068327
0001297,0068327
0921202,0068327
0000443,0068326
0001902,0068326
0373012,0068326
0001274,0068326
0912966,0068326
0000432,0067116
0721073,0067116
0001702,0067116
0516215,0067116
0102566,0067116
0000404,0067309
0000661,0067309
0162541,0067309
0001702,0067309
0873148,0067309
0000961,0067328
0000313,0067328
0001732,0067328
0424565,0067328
0001458,0067328
0001715,0066206
0001500,0066206
0950079,0066206
0835021,0066206
0517444,0066206
0000869,0066579
0001657,0066579
0413559,0066579
0511614,0066579
0111376,0066579
0000053,0066319
0002145,0066319
0427756,0066319
0590055,0066319
0571674,0066319
0000044,0065377
0001509,0065377
0781029,0065377
0000302,0065377
0001421,0065377
0371040,0065377
0000163,0064665
0000685,0064665
0587249,0064665
0569410,0064665
0882853,0064665
0000078,0065126
0004794,0065126
0200981,0065126
0805317,0065126
0000380,0065126
0001749,0064840
0827137,0064840
0291512,0064840
0413561,0064840
0424743,0064840
0000404,0065088
0765546,0065088
0948772,0065088
0949574,0065088
0000999,0065088
0000527,0064117
0000006,0064117
0000443,0064117
0922967,0064117
0502360,0064117
0600531,0063385
0908861,0063385
0001657,0063385
0781183,0063385
0504492,0063385
0731772,0062794
0001954,0062794
0803785,0062794
0417824,0062794
0925418,0062794
0000659,0062994
0001725,0062994
0575552,0062994
0004282,0062994
0682074,0062994
0623658,0063654
0016776,0063654
0000640,0063654
0768321,0063654
0930524,0063654
0001201,0063522
0001023,0063522
0002106,0063522
0085782,0063522
0263052,0063522
0001627,0061811
0001768,0061811
0643105,0061811
0335519,0061811
0309588,0061811
0000075,0061735
0001627,0061735
0000031,0061735
0445523,0061735
0723968,0061735
0000056,0061512
0001421,0061512
0134201,0061512
0031398,0061512
0238105,0061512
0000886,0061418
0001159,0061418
0689488,0061418
0000432,0061418
0663820,0061418
0000843,0061722
0000163,0061722
0001684,0061722
0200122,0061722
0358069,0061722
0006890,0060665
0384908,0060665
0571674,0060665
0001727,0060665
0000080,0060665
0000072,0061184
0000009,0061184
0001719,0061184
0006800,0061184
0000493,0060424
0000527,0060424
0723707,0060424
0922165,0060424
0652109,0060424
0000404,0059017
0001511,0059017
0130286,0059017
0382722,0059017
0170713,0059017
0002131,0059084
0001958,0059084
0001046,0059084
0897808,0059084
0192801,0059084
0001673,0059798
0364455,0059798
0000842,0059798
0757256,0059798
0200122,0059798
0001627,0059573
0001859,0059573
0366946,0059573
0285922,0059573
0228853,0059573
0000030,0058385
0001322,0058385
0391361,0058385
0405035,0058385
0178066,0058385
0000267,0058331
0001813,0058331
0866835,0058331
0424318,0058331
0045968,0058331
0580479,0058672
0001811,0058672
0001703,0058672
0605923,0058672
0353916,0058672
0000063,0057831
0000869,0057831
0660327,0057831
0444321,0057831
0610127,0057831
0001215,0057590
0948772,0057590
0341518,0057590
0262725,0057590
0339343,0057590
0001627,0057251
0803785,0057251
0542858,0057251
0187886,0057251
0419051,0057251
0000056,0057163
0002048,0057163
0623658,0057163
0001121,0057163
0000946,0057163
0000072,0057634
0000009,0057634
0431139,0057634
0553349,0057634
0751983,0057634
0000564,0056172
0000027,0056172
0000063,0056172
0370144,0056172
0001725,0056172
0000060,0056592
0000825,0056592
0019221,0056592
0000380,0056592
0576345,0056592
0000843,0056241
0430460,0056241
0842421,0056241
0697785,0056241
0173714,0056241
0000056,0056541
0656183,0056541
0004309,0056541
0003225,0056541
0001800,0056541
0001157,0056241
0000081,0055614
0000937,0055614
0848560,0055614
0001549,0055614
0001995,0055614
0000075,0055031
0000044,0055031
0001847,0055031
0000017,0055031
0001703,0055031
0000047,0054749
0000901,0054749
0113505,0054749
0632426,0054749
0154804,0054749
0000493,0053604
0000511,0053604
0534045,0053604
0001827,0053604
0472816,0053604
0000044,0053793
0001739,0053793
0447913,0053793
0415591,0053793
0429250,0053793
0000072,0053622
0002131,0053622
0279472,0053622
0581277,0053622
0242972,0053622
0000018,0054331
0000059,0054331
0001739,0054331
0001452,0054331
0001811,0054331
0000032,0052618
0370144,0052618
0361823,0052618
0000963,0052618
0341518,0052618
0797531,0053226
0002131,0053226
0780765,0053226
0938372,0053226
0396819,0053226
0674012,0052738
0771584,0052738
0001859,0052738
0000937,0052738
0399345,0052738
0001989,0051658
0002001,0051658
0431139,0051658
0320006,0051658
0001247,0051658
0000039,0052182
0000028,0052182
0000057,0052182
0384908,0052182
0000044,0052182
0001333,0051758
0643000,0051758
0898782,0051758
0000942,0051758
0490639,0051758
0000060,0051411
0001739,0051411
0004647,0051411
0000032,0051411
0412322,0051411
0000034,0050212
0370144,0050212
0000027,0050212
0370564,0050212
0232019,0050212
0940946,0051077
0915536,0051077
0002011,0051077
0422015,0051077
0614816,0051077
0000008,0050933
0654434,0050933
0001258,0050933
0779549,0050933
0846987,0050933
0000999,0050933
0880855,0050933
0000057,0048960
0134594,0048960
0192958,0048960
0605923,0048960
0820105,0048960
0000039,0049408
0000989,0049408
0001549,0049408
0072578,0049408
0766975,0049408
0000006,0048947
0000989,0048947
0371040,0048947
0848667,0048947
0402558,0048947
0000018,0049456
0000063,0049456
0232019,0049456
0114386,0049456
0806041,0049456
0001369,0049966
0000002,0049966
0821041,0049966
0540416,0049966
0445290,0049966
0000072,0049261
0001369,0049261
0000015,0049261
0004647,0049261
0936730,0049261
0000308,0048356
0086198,0048356
0591034,0048356
0162557,0048356
0544064,0048356
0536167,0048563
0000044,0048563
0667542,0048563
0177879,0048563
0340706,0048563
0000020,0048380
0000010,0048380
0001635,0048380
0000493,0048380
0658133,0048380
0364915,0048028
0000015,0048028
0557339,0048028
0412322,0048028
0202501,0048028
0886888,0048028
0000008,0047296
0001500,0047296
0002011,0047296
0001768,0047296
0377416,0047296
0001078,0046874
0000038,0046874
0000034,0046874
0743218,0046874
0721728,0046874
0000007,0046754
0001257,0046754
0639529,0046754
0330961,0046754
0181305,0046754
0001693,0047296
0000044,0045793
0001050,0045793
0000039,0045793
0001656,0045793
0000069,0045793
0000034,0046359
0852279,0046359
0695937,0046359
0833865,0046359
0501183,0046359
0000060,0046250
0000030,0046250
0000734,0046250
0694403,0046250
0930732,0046250
0002149,0044672
0928425,0044672
0000032,0044672
0483787,0044672
0002108,0044672
0000011,0044706
0593775,0044706
0000978,0044706
0432827,0044706
0000038,0044706
0000044,0044509
0095804,0044509
0601930,0044509
0001395,0044509
0643211,0044509
0000008,0045296
0676492,0045296
0000063,0045296
0936476,0045296
0608909,0045296
0001805,0044391
0000018,0044391
0682074,0044391
0694090,0044391
0837959,0044391
0002108,0044391
0000078,0045061
0000058,0045061
0280178,0045061
0000955,0045061
0572142,0045061
0000037,0043278
0001989,0043278
0505157,0043278
0350250,0043278
0001225,0043278
0000007,0043265
0000031,0043265
0605923,0043265
0119988,0043265
0000942,0043265
0000046,0044081
0000008,0044081
0001375,0044081
0001500,0044081
0094036,0044081
0001050,0043924
0000072,0043924
0001859,0043924
0720843,0043924
0105462,0043924
0000012,0042192
0000879,0042192
0001695,0042192
0002141,0042192
0581282,0042192
0001207,0042367
0694580,0042367
0697733,0042367
0138885,0042367
0163404,0042367
0391062,0042276
0002024,0042276
0000034,0042276
0820643,0042276
0653239,0042276
0000071,0042546
0401449,0042546
0235627,0042546
0236866,0042546
0445523,0042546
0002024,0041113
0409869,0041113
0238445,0041113
0001135,0041113
0564790,0041113
0000014,0041452
0001050,0041452
0724732,0041452
0394244,0041452
0114847,0041452
0000060,0041996
0549280,0041996
0581282,0041996
0593612,0041996
0415591,0041996
0002022,0041587
0001105,0041587
0815433,0041587
0000018,0041587
0007222,0041587
0491406,0040416
0460874,0040416
0703033,0040416
0532277,0040416
0930732,0040416
0000059,0040416
0943837,0040495
0000817,0040495
0001948,0040495
0001547,0040495
0573640,0040495
0000007,0040897
0404158,0040897
0392529,0040897
0071636,0040897
0533692,0040897
0000007,0040506
0000064,0040506
0000002,0040506
0000859,0040506
0872456,0040506
0000060,0039416
0570192,0039416
0002092,0039416
0002141,0039416
0720843,0039416
0172903,0039335
0368516,0039335
0639529,0039335
0001859,0039335
0172615,0039335
0949835,0039370
0001072,0039370
0000856,0039370
0001948,0039370
0387556,0039370
0000058,0039628
0668361,0039628
0350324,0039628
0516876,0039628
0000081,0039628
0001485,0036868
0545298,0036868
0000763,0036868
0942863,0036868
0562920,0036868
0000014,0039040
0027156,0039040
0191745,0039040
0856062,0039040
0329433,0039040
0751174,0036868
0000061,0038873
0000074,0038873
0668361,0038873
0000879,0038873
0916067,0038873
0001537,0037884
0943837,0037884
0856062,0037884
0196247,0037884
0235835,0037884
0001076,0037913
0007217,0037913
0779923,0037913
0000781,0037913
0001955,0037913
0570192,0038190
0000951,0038190
0007223,0038190
0634313,0038190
0322299,0038190
0001682,0037120
0187981,0037120
0000072,0037120
0720843,0037120
0001450,0037120
0001078,0036872
0280178,0036872
0570451,0036872
0113769,0036872
0516876,0036872
0000964,0036855
0000006,0036855
0001072,0036855
0926599,0036855
0001450,0036855
0000026,0037135
0000856,0037135
0280178,0037135
0243454,0037135
0943553,0037135
0000007,0034583
0000006,0034583
0002134,0034583
0001647,0034583
0891998,0034583
0000012,0036515
0280242,0036515
0914778,0036515
0094135,0036515
0510134,0036515
0428354,0036377
0264278,0036377
0001948,0036377
0001637,0036377
0002011,0036377
0000795,0036172
0566948,0036172
0002013,0036172
0301348,0036172
0071636,0036172
0000011,0035896
0000006,0035896
0848667,0035896
0194742,0035896
0812453,0035896
0668093,0035896
0002093,0035093
0682074,0035093
0942863,0035093
0926599,0035093
0654239,0035093
0000010,0035575
0504125,0035575
0404158,0035575
0926636,0035575
0543287,0035575
0001791,0033774
0001805,0033774
0036427,0033774
0001336,0033774
0827577,0033774
0682074,0033729
0000058,0033729
0496819,0033729
0187981,0033729
0001522,0033729
0000011,0034167
0000974,0034167
0504125,0034167
0864869,0034167
0725897,0034167
0000026,0034248
0000021,0034248
0362567,0034248
0115558,0034248
0926599,0034248
0000012,0033677
0107575,0033677
0000802,0033677
0914778,0033677
0567408,0033677
0000059,0032976
0000021,0032976
0001695,0032976
0000752,0032976
0178066,0032976
0000026,0032904
0000031,0032904
0000071,0032904
0404046,0032904
0397397,0032904
0001677,0032671
0604605,0032671
0185883,0032671
0161862,0032671
0181960,0032671
0000011,0033253
0000974,0033253
0202589,0033253
0831872,0033253
0875861,0033253
0000020,0032551
0002034,0032551
0001017,0032551
0335788,0032551
0100758,0032551
0232196,0031385
0002093,0031385
0452953,0031385
0590055,0031385
0002134,0031385
0872456,0031971
0000078,0031971
0222596,0031971
0001017,0031971
0593775,0031971
0567408,0031381
0000795,0030993
0000859,0030993
0000071,0030993
0036427,0030993
0041681,0030993
0000075,0029942
0001682,0029942
0401434,0029942
0272059,0029942
0721728,0029942
0000012,0030287
0000020,0030287
0107575,0030287
0512267,0030287
0187981,0030287
0949835,0030317
0338901,0030317
0000974,0030317
0241523,0030317
0605904,0030317
0047810,0030287
0612847,0029146
0814216,0029146
0771584,0029146
0390192,0029146
0187981,0029146
0000861,0028691
0000075,0028691
0000859,0028691
0002048,0028691
0335788,0028691
0612847,0028944
0707023,0028944
0175369,0028944
0521300,0028944
0335788,0028944
0000061,0029047
0269647,0029047
0000747,0029047
0103567,0029047
0222596,0029047
0002050,0028597
0000026,0028597
0000897,0028597
0195422,0028597
0192258,0028597
0001635,0027698
0001485,0027698
0707023,0027698
0604656,0027698
0108511,0027698
0612847,0028313
0404360,0028313
0521937,0028313
0940579,0028313
0500021,0028313
0036427,0027459
0566948,0027459
0002068,0027459
0000974,0027459
0160130,0027459
0545298,0027300
0000014,0027300
0940579,0027300
0521937,0027300
0350324,0027300
0814216,0027300
0000011,0027996
0000795,0027996
0051628,0027996
0822034,0027996
0241523,0027996
0001452,0026752
0000022,0026752
0867144,0026752
0612743,0026752
0703600,0026752
0572142,0026529
0029456,0026529
0288003,0026529
0334375,0026529
0285922,0026529
0000012,0026261
0867144,0026261
0512267,0026261
0804375,0026261
0253141,0026261
0000022,0025316
0001055,0025316
0175369,0025316
0439850,0025316
0858977,0025316
0944087,0023876
0111612,0023876
0640547,0023876
0612743,0023876
0580240,0023876
0001452,0024473
0232196,0024473
0245579,0024473
0541766,0024473
0360567,0024473
0000031,0024353
0001195,0024353
0579663,0024353
0242041,0024353
0807580,0024353
0001256,0022958
0000858,0022958
0001076,0022958
0000891,0022958
0000859,0022958
0000891,0021730
0178114,0021730
0723658,0021730
0040374,0021730
0112395,0021730
0371040,0022386
0832011,0022386
0358076,0022386
0249893,0022386
0380965,0022386
0251755,0021635
0007223,0021635
0326809,0021635
0201227,0021635
0280707,0021635
0228715,0021746
0002050,0021746
0852347,0021746
0642042,0021746
0171873,0021746
0790454,0021885
0001366,0021885
0000859,0021885
0322299,0021885
0000022,0021885
0237597,0021148
0000891,0021148
0429923,0021148
0708081,0021148
0226858,0021148
0178114,0022397
0176867,0022397
0338191,0022397
0780684,0022397
0732062,0022397
0454558,0019729
0656105,0019729
0522281,0019729
0062828,0020018
0522927,0020018
0121282,0020018
0531759,0020018
0113867,0020018
0681933,0019788
0113902,0019788
0601596,0019788
0820821,0019788
0417829,0019788
0341464,0019824
0889511,0019824
0912478,0019824
0445246,0019824
0237597,0019824
0001966,0018578
0736777,0018578
0035159,0018578
0707814,0018578
0107151,0018578
0417837,0019071
0107574,0019071
0001635,0019071
0713281,0019071
0816007,0019071
0310980,0018379
0268190,0018379
0054135,0018379
0334581,0018379
0124877,0018379
0101955,0018515
0000802,0018515
0938464,0018515
0891349,0018515
0445246,0018515
0001497,0413300
0000379,0413300
0290556,0413300
0002006,0413300
0333410,0413300
0005562,0317219
0000056,0317219
0001372,0317219
1249256,0317219
0001507,0317219
0000136,0383574
0089217,0383574
0461136,0383574
0202603,0383574
0631490,0383574
0413168,0376994
0000932,0376994
0005212,0376994
0001772,0376994
0000463,0376994
0000158,0382625
0851582,0382625
0005212,0382625
0000606,0382625
0079273,0382625
0746125,0348150
0098378,0348150
0000228,0348150
0005188,0348150
0000205,0348150
0005380,0438097
0000491,0438097
0001459,0438097
0005405,0438097
0669681,0438097
0000246,0327084
0788009,0327084
0136797,0327084
0843100,0327084
0000638,0327084
0170550,0415306
0528331,0415306
1151921,0415306
2713985,0415306
2336223,0415306
0001191,0389860
0000295,0389860
0000686,0389860
0001327,0389860
0001857,0389860
0037410,0375679
0049079,0375679
0000113,0375679
0000332,0375679
0160988,0375679
1738584,0379725
0827274,0379725
0000450,0379725
0033758,0379725
1893372,0379725
0001618,0358273
0000702,0358273
0329481,0358273
0001598,0358273
1316767,0358273
1315378,0365737
0000123,0365737
0906756,0365737
0001626,0365737
0942482,0365737
0000146,0387131
0001838,0387131
0468003,0387131
0404111,0387131
1597084,0387131
0005132,0388795
0350453,0388795
0001642,0388795
0686502,0388795
1345143,0388795
0000129,0317919
0000450,0317919
0000609,0317919
0001082,0317919
1157358,0317919
0000196,0413267
0000552,0413267
0000139,0413267
0000104,0413267
0000267,0413267
0000136,0449088
0001691,0449088
0089217,0449088
0461136,0449088
0202603,0449088
0705356,0373889
0914612,0373889
0342488,0373889
2144593,0373889
2178650,0373889
0001774,0477347
0001303,0477347
0001813,0477347
0001682,0477347
0167850,0477347
0000354,0440963
0005466,0440963
0000657,0440963
0001277,0440963
0175916,0440963
0652663,0382932
0000453,0382932
0738918,0382932
0001133,0382932
0812307,0382932
0016141,0366548
0101603,0366548
0305261,0366548
1146844,0366548
0000245,0366548
0144657,0462538
0001413,0462538
0004813,0462538
0810379,0462538
0790434,0462538
0185819,0381061
1200692,0381061
0586568,0381061
0001132,0381061
0942482,0381061
0000226,0454921
1535523,0454921
0628601,0454921
0397788,0454921
0439170,0454921
0479471,0418279
1083271,0418279
0241049,0418279
0879085,0418279
1592225,0418279
0124930,0416449
0372176,0416449
0922035,0416449
0920992,0416449
0716490,0416449
0000741,0486946
0000237,0486946
0001454,0486946
0000513,0486946
0000501,0486946
0736622,0478311
0001337,0478311
0748620,0478311
0005182,0478311
0781981,0478311
0000138,0407887
0000354,0407887
0000197,0407887
0000242,0407887
0000640,0407887
0001845,0455590
0564215,0455590
0913488,0455590
0000096,0455590
0564402,0455590
0000545,0436697
0000342,0436697
0421105,0436697
0019885,0436697
0843401,0436697
1113550,0449059
0001427,0449059
0200452,0449059
0000273,0449059
0001057,0449059
0004937,0443489
0461498,0443489
0000552,0443489
0000418,0443489
1617685,0443489
0000288,0468569
0005132,0468569
0001173,0468569
0000323,0468569
0350454,0468569
0000375,0371746
0005024,0371746
0000313,0371746
0000569,0371746
0004753,0371746
0000148,0367882
0000949,0367882
0000261,0367882
0479471,0367882
0935653,0367882
0000226,0480249
0103797,0480249
2253071,0480249
0724757,0480249
2405238,0480249
0000226,0448157
0000234,0448157
0000867,0448157
2052567,0448157
0550371,0448157
0123785,0910970
2264184,0910970
0307531,0910970
0929609,0910970
3050831,0910970
0000115,0465234
0058581,0465234
1208167,0465234
0000685,0465234
0000545,0465234
0005134,0952640
0189144,0952640
0724460,0952640
0528331,0952640
0519043,0952640
0085312,0441773
0000163,0441773
0001401,0441773
0574534,0441773
0000329,0441773
0000120,0451079
0136797,0451079
0000993,0451079
0004715,0451079
0736622,0451079
0000572,1000774
0000326,1000774
0004862,1000774
0633223,1000774
0636562,1000774
0680983,0467406
0148418,0467406
0004950,0467406
0000867,0467406
0005049,0467406
1602660,0499448
1670137,0499448
1342727,0499448
0608440,0499448
0691600,0499448
0000676,0293564
0000329,0293564
0001884,0293564
0760796,0293564
0040939,0293564
1086543,0795421
0001745,0795421
0000112,0795421
1893071,0795421
0000147,0795421
0000169,0477348
0000849,0477348
0000982,0477348
0000437,0477348
0531808,0477348
0000358,0469494
2872491,0469494
2872058,0469494
2871845,0469494
2872133,0469494
0182839,0450188
0856500,0450188
0339621,0450188
0782561,0450188
0746162,0450188
0929489,0465538
0001574,0465538
0001628,0465538
2796342,0465538
0842770,0465538
0479471,1055369
1083271,1055369
0241049,1055369
0879085,1055369
0001806,1055369
0705356,0417741
0342488,0417741
0914612,0417741
0000980,0417741
2917590,0417741
0000799,1049413
0001626,1049413
2973712,1049413
0677037,1049413
0005148,1049413
0177896,1119646
1159180,1119646
0302108,1119646
0058581,1119646
0001287,1119646
1517976,0796366
0704270,0796366
0000559,0796366
0051509,0796366
0339304,0796366
0000702,0892782
0736622,0892782
0491402,0892782
0004715,0892782
0000662,0892782
1148186,1080016
0228327,1080016
1616586,1080016
0281068,1080016
1723600,1080016
0829576,1099212
1500155,1099212
0121605,1099212
2230865,1099212
1223023,1099212
0001774,0479952
0001674,0479952
0001710,0479952
0000586,0479952
0056187,0479952
0413168,0458525
0000630,0458525
0404111,0458525
1443238,0458525
1211488,0458525
0001774,1078912
0010736,1078912
0005562,1078912
0000279,1078912
0000245,1078912
0185819,0830515
1385871,0830515
0023832,0830515
0001132,0830515
0316284,0830515
0000113,1041829
0005351,1041829
0005460,1041829
0005266,1041829
0924508,1041829
0004874,1013752
0908094,1013752
0108287,1013752
0735442,1013752
0651159,1013752
0000142,1205489
1542291,1205489
3057402,1205489
3115704,1205489
0355083,1205489
0416673,1114740
1218757,1114740
1724323,1114740
2263115,1114740
0004309,1114740
0000553,0936501
1192254,0936501
0650702,0936501
0340973,0936501
0913175,0936501
0015382,1046173
0001172,1046173
0280081,1046173
0330687,1046173
1795989,1046173
0000576,1013753
0386472,1013753
0000982,1013753
0526019,1013753
0290556,1013753
0000146,0976051
0354198,0976051
1269088,0976051
0000701,0976051
0521443,0976051
0356017,0497465
0424060,0497465
0000849,0497465
0004851,0497465
0919525,0497465
2353862,1010048
0438463,1010048
0958861,1010048
2951768,1010048
0795661,1010048
0941777,0499549
0757855,0499549
0000244,0499549
0002332,0499549
0735442,0499549
0000158,0435761
0000741,0435761
0000349,0435761
0000885,0435761
0725543,0435761
0000136,1014759
1985859,1014759
0000307,1014759
0004266,1014759
0000417,1014759
0000375,1228705
0000332,1228705
0424060,1228705
0000569,1228705
0005377,1228705
0829576,1325004
1500155,1325004
1210124,1325004
1882152,1325004
0397171,1325004
0829576,1259571
0419363,1259571
1500155,1259571
0121605,1259571
0447695,1259571
0000138,1375666
0330687,1375666
0680983,1375666
0362766,1375666
0913822,1375666
0000113,0878804
0005210,0878804
2466842,0878804
2052567,0878804
2934314,0878804
0136797,1323594
0781981,1323594
1258970,1323594
0000267,1323594
0004715,1323594
0000196,0892791
0000552,0892791
0000139,0892791
0000104,0892791
0000267,0892791
1157048,1231580
0189144,1231580
0005134,1231580
0519043,1231580
1693763,1231580
0059431,0892769
0124930,0892769
0272401,0892769
1065229,0892769
1706767,0892769
0000375,0988045
0000179,0988045
1046097,0988045
0835016,0988045
0550371,0988045
1535523,1155076
0000329,1155076
0378245,1155076
3924219,1155076
0950552,1155076
0000131,1190080
0001605,1190080
0252230,1190080
0628601,1190080
0001624,1190080
0941777,0800320
0000553,0800320
0000146,0800320
0002076,0800320
2605345,0800320
0001191,1375670
0416673,1375670
0001674,1375670
0005450,1375670
0001705,1375670
0719637,0887912
1107001,0887912
1310016,0887912
0001602,0887912
0000146,0887912
0000313,1263670
0443856,1263670
2485687,1263670
0379200,1263670
0101005,1263670
0000093,0361748
0491259,0361748
0910607,0361748
0744834,0361748
1055413,0361748
2829737,0929632
0594898,0929632
1745736,0929632
0001014,0929632
0791868,0929632
0000564,0063227
0000031,0063227
0000164,0063227
0145284,0063227
0856050,0063227
0705356,1201607
0342488,1201607
0914612,1201607
0000146,1201607
0000614,1201607
0479471,1399103
0241049,1399103
0001806,1399103
0879085,1399103
2492819,1399103
0631490,0926084
0914612,0926084
0341743,0926084
0577982,0926084
0705356,0926084
0177896,1411697
1159180,1411697
0302108,1411697
0058581,1411697
0421822,1411697
0000136,1298650
0004851,1298650
0001691,1298650
0574534,1298650
0573618,1298650
0004874,1596343
0908094,1596343
0108287,1596343
0879085,1596343
0524839,1596343
0601553,0398286
1157048,0398286
0614220,0398286
0000579,0398286
0301370,0398286
1249256,1216475
0005562,1216475
0000323,1216475
0607865,1216475
0412850,1216475
1165110,0800369
0000204,0800369
1089991,0800369
0000164,0800369
0001745,0800369
0262635,0458339
2017943,0458339
1659221,0458339
0000169,0458339
0915989,0458339
0000313,1104001
1330560,1104001
1312575,1104001
0000310,1104001
0289656,1104001
0290556,1318514
2951768,1318514
0001475,1318514
0004051,1318514
0271657,1318514
0000313,1403865
2794962,1403865
0000354,1403865
0000982,1403865
0001608,1403865
1325419,1478338
0126284,1478338
0748973,1478338
2608689,1478338
0565250,1478338
0085312,1302011
0001401,1302011
0000163,1302011
0000198,1302011
0000329,1302011
0000147,1504320
0000307,1504320
0001394,1504320
0691928,1504320
0228960,1504320
0000204,0947798
0005109,0947798
0001993,0947798
0001347,0947798
0000213,0947798
0000242,0964517
0000288,0964517
0010736,0964517
0502425,0964517
3923953,0964517
0000375,0848228
0262635,0848228
0749263,0848228
1165110,0848228
0424060,0848228
0000288,1345836
0000198,1345836
0362766,1345836
0330687,1345836
0004266,1345836
0001804,1392170
0004747,1392170
2225369,1392170
3094377,1392170
2955013,1392170
1210124,1324999
0121605,1324999
0083655,1324999
0829576,1324999
1500155,1324999
1940449,0948470
1297015,0948470
0406975,0948470
0001459,0948470
0000640,0948470
0531808,1217209
0175262,1217209
0000668,1217209
0910278,1217209
0001059,1217209
0000242,1637725
0005109,1637725
0532235,1637725
0570364,1637725
0000610,1637725
0001774,1277953
0001674,1277953
0001710,1277953
0000586,1277953
0056187,1277953
0000362,1482459
1159180,1482459
1374980,1482459
2357847,1482459
0924508,1482459
0000129,1229238
1745736,1229238
0670408,1229238
0719637,1229238
0638824,1229238
0000375,1515091
0000179,1515091
0636426,1515091
1046097,1515091
0364813,1515091
0000226,1409024
0000169,1409024
0000982,1409024
1318596,1409024
0000668,1409024
1297015,1454029
0205626,1454029
0397171,1454029
0818055,1454029
1567113,1454029
0241121,1655442
0067367,1655442
0000422,1655442
0000342,1655442
0000542,1655442
0000658,1007029
0000980,1007029
0114742,1007029
1927126,1007029
3564817,1007029
0000191,1532503
0001626,1532503
0491259,1532503
0899681,1532503
0502097,1532503
0000375,1300854
0000569,1300854
0000332,1300854
0001602,1300854
0356017,1300854
0136797,1690953
1325419,1690953
0000973,1690953
1388927,1690953
1258970,1690953
0185819,1074638
0001132,1074638
0000849,1074638
0000146,1074638
0365140,1074638
0005212,0903624
0293509,0903624
0035514,0903624
0832792,0903624
0574615,0903624
0829576,1673434
1500155,1673434
1210124,1673434
0004906,1673434
0714147,1673434
0147147,0770828
0010736,0770828
0788335,0770828
0000178,0770828
0000128,0770828
0000345,1453405
0000422,1453405
0000114,1453405
0000545,1453405
0812307,1453405
0004874,1905041
0908094,1905041
0425005,1905041
0108287,1905041
0735442,1905041
0290556,1623205
0005109,1623205
0001838,1623205
0931329,1623205
0103785,1623205
1517976,1408101
0704270,1408101
0757855,1408101
0881631,1408101
0670408,1408101
0000604,1772341
0798971,1772341
1442113,1772341
0528331,1772341
0876138,1772341
0000115,0481499
1297015,0481499
0005351,0481499
0001416,0481499
0001458,0481499
0000358,0443272
0000398,0443272
0000657,0443272
0330687,0443272
0000652,0443272
0000255,1024648
0186505,1024648
0000273,1024648
0000422,1024648
0001255,1024648
0177896,1045658
2225369,1045658
0000134,1045658
0915865,1045658
0000676,1045658
0004937,1853728
0910607,1853728
0000138,1853728
0913488,1853728
0000168,1853728
0413168,1707386
0000128,1707386
0004266,1707386
1086543,1707386
0056187,1707386
4139037,0454876
0451234,0454876
4853568,0454876
5306953,0454876
1300009,0454876
0000093,0816711
0257969,0816711
2020146,0816711
0197647,0816711
0091253,0816711
0000288,1800241
0177896,1800241
0010736,1800241
0719637,1800241
2225369,1800241
2225369,1951264
2955013,1951264
4425051,1951264
1193262,1951264
0480808,1951264
0068338,2294629
0579953,2294629
2676147,2294629
1265802,2294629
2949014,2294629
0695435,2015381
0757855,2015381
1176985,2015381
0004874,2015381
0177896,2015381
0000113,1454468
0000123,1454468
0000438,1454468
1241511,1454468
2060857,1454468
0262635,1843866
0424060,1843866
1659221,1843866
1107001,1843866
0000602,1843866
0005212,1170358
0293509,1170358
0035514,1170358
0832792,1170358
0574615,1170358
0004715,1490017
0006969,1490017
1911947,1490017
1555340,1490017
0123262,1490017
0000242,2109248
0001804,2109248
0001288,2109248
2443758,2109248
2930503,2109248
0001401,1587310
1102577,1587310
1663205,1587310
0544334,1587310
0001767,1587310
0413168,1877832
0564215,1877832
1055413,1877832
2225369,1877832
0000932,1877832
0785227,2103281
0164809,2103281
0000198,2103281
0005392,2103281
1527905,2103281
1165110,1981115
0000204,1981115
1089991,1981115
0000164,1981115
0001172,1981115
1940449,1872181
1297015,1872181
0004937,1872181
2851530,1872181
0272173,1872181
1093951,0831387
2640264,0831387
0913822,0831387
0186505,0831387
0647634,0831387
1706767,2294449
1475594,2294449
0001780,2294449
0751518,2294449
0828226,2294449
1083271,1291150
0004715,1291150
0001209,1291150
2024927,1291150
0279720,1291150
0252230,2024544
4833412,2024544
6003176,2024544
0061262,2024544
2143282,2024544
0000190,0790636
0004950,0790636
0001467,0790636
0641354,0790636
0001872,0790636
0000949,2334873
0137516,2334873
0176384,2334873
1973610,2334873
0000285,2334873
0695435,0369610
0397171,0369610
0451234,0369610
0000352,0369610
1339223,0369610
0000375,2395427
1165110,2395427
0749263,2395427
0262635,2395427
0424060,2395427
0688132,2096673
0809613,2096673
0454236,2096673
0352778,2096673
0085400,2096673
0004874,2820852
0908094,2820852
0005458,2820852
0735442,2820852
0108287,2820852
0000113,2293640
0358316,2293640
0000474,2293640
0005049,2293640
0176869,2293640
0000129,2381249
0719637,2381249
0670408,2381249
0272581,2381249
0000609,2381249
0005212,2310332
0293509,2310332
0035514,2310332
0832792,2310332
0574615,2310332
0177896,2179136
0973177,2179136
6518675,2179136
0715314,2179136
0731826,2179136
2225369,1951265
1242688,1951265
2955013,1951265
0000437,1951265
0000661,1951265
0012523,2245084
3994407,2245084
2024644,2245084
2554352,2245084
1512166,2245084
0000995,0816692
0000190,0816692
3237775,0816692
0001475,0816692
3154303,0816692
0000949,1661199
4141252,1661199
0534635,1661199
0000307,1661199
1996829,1661199
0447695,2848292
2313103,2848292
2794962,2848292
0811242,2848292
2799457,2848292
0000474,2562232
1297015,2562232
2196179,2562232
3691128,2562232
0302108,2562232
1519666,2980516
0428065,2980516
4350114,2980516
6240141,2980516
6887408,2980516
0000194,3316960
0098378,3316960
0574460,3316960
1446060,3316960
0000285,3316960
1886602,2582802
0799777,2582802
0001663,2582802
2552034,2582802
3271473,2582802
1294664,1065073
0000099,1065073
6567391,1065073
1085951,1065073
0697637,1065073
0000148,2488496
0000434,2488496
0000402,2488496
3485845,2488496
5397459,2488496
0001122,2277860
0000983,2277860
0642145,2277860
0647698,2277860
5348776,2277860
0262635,3498820
0000375,3498820
0424060,3498820
1659221,3498820
1107001,3498820
5888481,3040964
0000195,3040964
0001426,3040964
0252961,3040964
2143282,3040964
0127373,2709768
0832314,2709768
0366389,2709768
2809577,2709768
2608689,2709768
0005351,1431045
4175221,1431045
4534098,1431045
0073088,1431045
1292973,1431045
0329481,2948356
0000867,2948356
0252961,2948356
2809577,2948356
1535594,2948356
0000255,2975590
0147147,2975590
0010736,2975590
0251986,2975590
0000178,2975590
0000226,1386697
2968738,1386697
0054697,1386697
3053338,1386697
0246024,1386697
2225369,1951266
1242688,1951266
2955013,1951266
0000437,1951266
0000661,1951266
0000354,3659388
1567113,3659388
1325419,3659388
0001099,3659388
0671567,3659388
0185819,2379713
0910607,2379713
2244205,2379713
0000146,2379713
0000899,2379713
0749263,1895587
0000474,1895587
1046097,1895587
0000630,1895587
0805476,1895587
0000138,1663202
0362766,1663202
1727304,1663202
2401020,1663202
5569442,1663202
0488953,3170832
5016878,3170832
0108703,3170832
0187724,3170832
3223622,3170832
0753314,3682448
0518511,3682448
0894141,3682448
2795735,3682448
0404427,3682448
2539953,0810819
1519666,0810819
0797860,0810819
0771621,0810819
1720028,0810819
0428065,3748528
0526019,3748528
0876138,3748528
0947447,3748528
0422638,3748528
0914612,2771200
1405398,2771200
1812656,2771200
1265802,2771200
0000177,2771200
2933757,0451279
1517976,0451279
0001567,0451279
0000705,0451279
0396812,0451279
0695435,3896198
0757855,3896198
1176985,3896198
0004874,3896198
0177896,3896198
4043618,2250912
0000474,2250912
0000375,2250912
0000673,2250912
0269463,2250912
0000190,3470600
0000702,3470600
0532235,3470600
0424060,3470600
0000604,3470600
0136797,3469046
1325419,3469046
0005295,3469046
1388927,3469046
3269138,3469046
7635388,3521164
0425005,3521164
1344302,3521164
0607325,3521164
1318596,3521164
1519666,3183660
0714866,3183660
2580832,3183660
0072758,3183660
0846925,3183660
1212722,1211837
0252230,1211837
1046097,1211837
0938950,1211837
0586568,1211837
0413168,3315342
0001772,3315342
6748436,3315342
2933542,3315342
0580351,3315342
0004874,4630562
0005458,4630562
0425005,4630562
0735442,4630562
0879085,4630562
5897057,1396484
5582294,1396484
6096118,1396484
6016511,1396484
7483475,1396484
0991810,4975722
8401402,4975722
5429086,4975722
7683379,4975722
1847117,4975722
0000729,4034228
7164242,4034228
0151419,4034228
0232426,4034228
8587165,4034228
0331516,3783958
1297015,3783958
2353430,3783958
0881814,3783958
3235876,3783958
0000243,2671706
0205626,2671706
0376610,2671706
5381254,2671706
0395203,2671706
1569276,1825683
0430107,1825683
2143282,1825683
1775091,1825683
0293509,1825683
0000375,4154756
1165110,4154756
0749263,4154756
0262635,4154756
0424060,4154756
0000434,2527336
0000402,2527336
3485845,2527336
5397459,2527336
3915784,2527336
0005266,3606756
0000456,3606756
1102970,3606756
9133740,3606756
0001416,3606756
0695435,4881806
0397171,4881806
1245863,4881806
6819854,4881806
4427331,4881806
0425005,2283362
0366389,2283362
0085312,2283362
2394794,2283362
1055302,2283362
0005351,5463162
0000982,5463162
1072555,5463162
5421877,5463162
5939164,5463162
1165110,3501632
1089991,3501632
0000949,3501632
0252961,3501632
0000156,3501632
0000255,0974015
0147147,0974015
0010736,0974015
2933757,0974015
3009232,0974015
0000129,4912910
0147147,4912910
0000609,4912910
0670408,4912910
0272581,4912910
0748620,5095030
1431940,5095030
0671567,5095030
0324658,5095030
0134072,5095030
2403277,3778644
6934058,3778644
0000437,3778644
3592338,3778644
2255973,3778644
5645519,2380307
0305558,2380307
0000973,2380307
0005513,2380307
0896149,2380307
1020089,5580390
0788335,5580390
0420955,5580390
0818055,5580390
0836121,5580390
0000198,4555426
0000218,4555426
0578853,4555426
4141252,4555426
0681975,4555426
0000531,5027774
2655177,5027774
0174403,5027774
0005377,5027774
6019128,5027774
3053338,5580036
1659221,5580036
0005049,5580036
0629855,5580036
3236159,5580036
0000375,4154796
0262635,4154796
0749263,4154796
1165110,4154796
0424060,4154796
0252230,6105098
1056659,6105098
0000469,6105098
0434712,6105098
0005569,6105098
0000158,1979376
0000741,1979376
0001633,1979376
0355024,1979376
1221047,1979376
0488953,4154664
0000168,4154664
0578853,4154664
0000179,4154664
0000906,4154664
4043618,6320628
0000168,6320628
0350453,6320628
0000673,6320628
0269463,6320628
0000226,6139732
4565815,6139732
4305463,6139732
3092471,6139732
1041023,6139732
0597388,1477834
1720028,1477834
0000353,1477834
0933940,1477834
0000173,1477834
1212722,2709692
7372981,2709692
0429069,2709692
1214289,2709692
1023255,2709692
1785339,1727824
2377903,1727824
3152605,1727824
5228887,1727824
0001515,1727824
3078932,1517451
0177896,1517451
0000385,1517451
0001048,1517451
1969169,1517451
0362766,1270797
0931329,1270797
1981893,1270797
2020278,1270797
1169428,1270797
0001557,6966692
0991810,6966692
0004802,6966692
1724319,6966692
1221253,6966692
1469236,5083738
0001838,5083738
5938343,5083738
3179464,5083738
1297015,5083738
8460487,7125860
4150847,7125860
0005093,7125860
3500582,7125860
0231458,7125860
8611957,6155172
0211920,6155172
9948845,6155172
9985727,6155172
5841958,6155172
